Time,Learning rate,Train loss,Validation loss,MAE_energy
977.4774560928345,0.0001,22.182571176379874,5.324299453066716,5.325535489739475
1754.3618838787079,0.0001,8.263109591143005,7.8888966439710275,7.8876669784491895
2525.960713863373,0.0001,6.168877529174757,5.199538246598016,5.200261379810898
3297.7906515598297,0.0001,5.235123405099332,3.435690183135327,3.4357354525799204
4067.4635696411133,0.0001,4.596149534307277,3.7308287582771915,3.7313463590467
4842.88839173317,0.0001,4.070181253747372,3.350035261628312,3.3505206543933737
5619.135149240494,0.0001,3.7740883228351634,5.197683909088302,5.197592347408882
6395.749331474304,0.0001,3.5044965466077875,9.60951970405663,9.610592347545001
7174.864419937134,0.0001,3.3318332365992727,2.7800892254938336,2.780209103885179
7946.275474071503,0.0001,3.0308219594549843,2.6914457327902355,2.6916660265522077
8721.41484951973,0.0001,3.019484547890241,2.414816889706764,2.415148879051061
9495.530105829239,0.0001,2.617710617108613,2.7747749349184496,2.7742459270988444
10270.6619951725,0.0001,2.6069540890327816,3.3132668758215296,3.314181965636197
11045.851555347443,0.0001,2.4436037155837242,1.4791334076307463,1.4791916751667402
11816.742613077164,0.0001,2.2935481804825857,1.797363854905534,1.797832819683688
12587.710635662079,0.0001,2.3347955032642367,3.2946472953329806,3.2940139666823307
13364.909252405167,0.0001,2.373853468351907,3.025693391764748,3.0263310278136917
14145.217283248901,0.0001,2.119609357503861,1.5545536625739447,1.554826063213031
14929.356780052185,0.0001,2.0049429546142576,2.631581988918539,2.6318575101057284
15703.41093802452,0.0001,1.958293232457554,1.7389394209803373,1.7392371412278522
16477.79750943184,0.0001,1.9955034971852574,2.2797838085356816,2.2795273207628792
17259.169806957245,0.0001,1.80270206685153,1.260296552585188,1.2604791588244213
18034.30766558647,0.0001,1.7252961976193335,4.457670350000436,4.457624355145272
18809.649819374084,0.0001,1.7574486750107896,3.7550009031136646,3.75441783466535
19586.283767223358,0.0001,1.721972063302286,1.1820432756389032,1.1821582065036715
20362.594993829727,0.0001,1.6178013373502382,1.8441017610244663,1.8441238527513841
21134.067141532898,0.0001,1.6419666036440685,3.672474951317087,3.6725381900978142
21906.172832012177,0.0001,1.7059816903717226,3.3391004458885485,3.3390694827298444
22686.961907863617,0.0001,1.559216503504014,1.6440503880581434,1.64401680470574
23461.526512384415,0.0001,1.610251477694109,1.8197049879771565,1.81994603414294
24233.612360715866,0.0001,1.5250561397201092,1.4341080672011497,1.4342855497291267
25010.80004143715,0.0001,1.4742013218674292,2.873594691058135,2.8734706148104125
25781.899420261383,0.0001,1.4947510360839156,3.2470233542391385,3.2469521765777025
26558.926551103592,0.0001,1.486900134639701,1.0823643813045873,1.0824023176260622
27336.385839939117,0.0001,1.4229412098179628,1.185340902974525,1.1852759334875964
28107.014400482178,0.0001,1.3421333473813604,1.514989792019588,1.514844185642032
28880.79550766945,0.0001,1.3696872893005025,0.8655232138184366,0.865577677966497
29660.351536035538,0.0001,1.3172764181819263,2.410405006044462,2.4099822560065296
30438.224043369293,0.0001,1.3363422812421313,1.370949937739513,1.3709607433649307
31210.18045592308,0.0001,1.3577404839185316,0.8552457031298983,0.8553204156807427
31979.667397737503,0.0001,1.2895992471662374,4.3842145548165234,4.383873739242601
32756.950790405273,0.0001,1.2824115397350888,2.0804294547356963,2.0799298731725906
33533.98490977287,0.0001,1.2559094282615981,2.7876033100938944,2.7880830556024736
34305.40107512474,0.0001,1.3106984907961217,1.5409573109539836,1.5407552520150203
35080.68988323212,0.0001,1.2149389077334798,0.7586695162570314,0.7587907498608765
35857.910405397415,0.0001,1.2138784871950974,1.9788197195617543,1.9787211782780445
36631.065860033035,0.0001,1.1807032379647393,1.4271289362409239,1.4268860944638477
37400.351397275925,0.0001,1.2142149291867101,2.627909835934183,2.627658109600209
38180.892434835434,0.0001,1.1752192322518007,1.8233145434372393,1.823381546918879
38951.4039618969,0.0001,1.118344551082115,1.8357996266233707,1.8357598250166998
39720.362669706345,0.0001,1.1519597449590335,1.5018616847541417,1.5016673279666934
40491.097229242325,0.0001,1.1335047053812939,1.4715080182156735,1.4712324197384155
41261.138055086136,0.0001,1.1167657878241215,0.816740379667676,0.8168128369750973
42036.58864760399,0.0001,1.1048496027875898,1.7157355741076707,1.715799255202464
42805.52598142624,0.0001,1.0865929580437488,1.2439735968004555,1.2439891810571018
43579.89887905121,0.0001,1.075102405372724,1.1500432115485864,1.1503169328901113
44355.20312619209,0.0001,1.071192365272105,1.8543790624593344,1.8545539904533033
45125.90164899826,0.0001,1.0388021966556207,1.8704513728610161,1.8703393230067646
45911.285783052444,0.0001,1.0551464392346706,1.0346835938878745,1.0347669266089419
46685.57449579239,0.0001,1.005358359039265,1.133914772874836,1.1341583640713049
47464.47530126572,0.0001,1.0600011618469725,2.3141040298052062,2.3138878738424817
48237.55407953262,0.0001,1.0096828351128853,0.6896735645330895,0.6898261880780396
49010.91008591652,0.0001,1.0044972658804785,1.2879409401774051,1.2878248217845507
49787.52269697189,0.0001,1.0182020174759745,1.7779808202204184,1.778239352600039
50563.22650337219,0.0001,0.9920353611951924,2.123525413883988,2.1235496220994663
51338.79126858711,0.0001,0.984680507555876,2.6285846242361055,2.62827368990014
52112.18050742149,0.0001,0.9907750090713476,1.6185468315732476,1.6184184741956311
52890.5262131691,0.0001,0.9818315031127544,1.5958610637493171,1.5955518148974666
53878.62320828438,0.0001,0.9884464996267989,0.8846061944584734,0.884702692835083
54640.91419816017,0.0001,0.9348325899163412,0.9202825166845262,0.9202500865158703
55404.796449422836,0.0001,0.9349042384543139,0.7323233709821104,0.7323711194218278
56163.35955953598,0.0001,0.901771175893137,1.0318316847359639,1.0319240217484074
56925.79632353783,0.0001,0.9298117841685322,0.8405941895595962,0.8405846925384988
57687.7935693264,0.0001,0.9079921781143071,0.771123763375036,0.7712050082290343
58441.79799723625,0.0001,0.8988304226866349,1.561180955103228,1.5613678835488949
59443.57320642471,0.0001,0.9023538935399629,1.4649020227457445,1.464976232059837
60204.939053058624,0.0001,0.8934207815812778,1.821965771229471,1.8217947527202245
60970.997198820114,0.0001,0.8984881867332487,0.7182412432562815,0.7184297926240866
61738.49040389061,0.0001,0.8848661443193465,0.7673231257510494,0.7673889048040258
62503.12025594711,0.0001,0.9116213334225048,0.6936580674425303,0.6936747504500974
63266.89492225647,0.0001,0.8686161960975423,0.6453400386503704,0.6454361814709622
64036.821652412415,0.0001,0.8902030758554826,0.6946291905333717,0.6947082599744318
64803.953733444214,0.0001,0.875156826184537,2.806235153873395,2.806436515861011
65579.87282156944,0.0001,0.8512694832832163,0.8400332197820278,0.8399616843261974
66343.52971982956,0.0001,0.8580711217104499,3.4503468553059373,3.450311792204752
67108.95215344429,0.0001,0.8513594301428518,1.60795528768834,1.6079706745788707
67878.72896122932,0.0001,0.8395539960145976,1.5846476661406665,1.5847331688482547
68643.78673005104,0.0001,0.8769172237187285,1.4510780901462497,1.4511060747621571
69411.3064968586,0.0001,0.8477632998939485,1.4067743518160534,1.4068012761573356
70178.18673038483,0.0001,0.8089417150789505,3.51044805914251,3.5103469333552497
70947.64706802368,0.0001,0.8376658449919252,0.9267950976833412,0.9267710379333722
71709.1247177124,0.0001,0.8127420179227818,2.1149767582577383,2.1151285653043557
72472.01073932648,0.0001,0.781360232308805,1.8431789411652397,1.8431370106733063
73244.32677388191,0.0001,0.8016312388790837,1.8479349460259122,1.8478147028635248
74011.22855377197,0.0001,0.798285558122894,1.3517246677312356,1.351559018783246
74774.89912199974,0.0001,0.7868664359907286,0.9910211595119564,0.9909394708046894
75533.72311973572,0.0001,0.7764664573526725,0.5049788250856795,0.5050677019499126
76298.7236673832,0.0001,0.7620630092673024,0.8260864530309692,0.8260587308219792
77065.46623110771,0.0001,0.7920360343241285,0.6699595898685268,0.6700284259069269
77833.7609000206,0.0001,0.8071866259209727,1.42393158952721,1.42392270927181
78599.66627407074,0.0001,0.7927632297773173,0.7815603116057092,0.7817220453958905
79367.95418858528,0.0001,0.7888391928864458,0.9639116084750015,0.9640704077627407
80136.55792212486,0.0001,0.7705107102766816,1.1952783423797,1.195309797062689
80899.2210521698,0.0001,0.7617997902470894,0.5832119788546939,0.5833083856007354
81673.72101569176,0.0001,0.7473808822947163,1.0591320854083754,1.0590118323584414
82438.59787106514,0.0001,0.7399194939154469,1.783260464314222,1.7831757017017285
83206.6701438427,0.0001,0.7712166017832308,2.339443508368295,2.3394678828068023
83975.98189330101,0.0001,0.7582948255430817,0.7547049236621172,0.7547288644813541
84745.70360994339,0.0001,0.7561753367133611,2.0050221157734436,2.005128137483098
85508.46116709709,0.0001,0.7308659691809789,0.6647096949801197,0.6648728008639521
86274.0251147747,0.0001,0.7479097687743905,1.4770289442064488,1.4769856325914132
87042.91370487213,0.0001,0.7127425813409899,0.6950676506598519,0.6950918112149089
87809.99305224419,0.0001,0.7272727329808056,1.9382495150183598,1.9381534553001547
88575.97581410408,0.0001,0.7030408886318261,2.1595285775547652,2.159443517546662
89345.74036884308,0.0001,0.7208898107694345,1.0834416754933573,1.0833051349965512
90112.7361240387,0.0001,0.7076782349809216,0.7860211976658574,0.7859536412695338
90876.59829998016,0.0001,0.7397394569768491,1.9810202642495558,1.9808681452962882
91645.84014129639,0.0001,0.7105930048819068,0.6908383523670467,0.6910201447025268
92414.0238764286,0.0001,0.7030838372356583,2.1067612545867016,2.1067877976881952
93183.26200652122,0.0001,0.7094813927072569,1.4639120759112099,1.4639046691827384
93954.37644052505,0.0001,0.7128065442969271,0.9566900671766834,0.9567703882925984
94722.31513977051,0.0001,0.6885558241118861,0.9238313231968728,0.9238428234369789
95490.68738794327,0.0001,0.6915784538063553,1.0945792088372375,1.094651609616913
96257.51144981384,0.0001,0.6947264704356212,1.6164091947791865,1.6162998820943257
97025.33459377289,0.0001,0.679168290526329,0.9049084033982194,0.9049676458403856
97797.47409534454,0.0001,0.7039090335556191,0.6267011299364679,0.6267581448069399
98566.52507424355,0.0001,0.7001171113544131,0.9200241318760389,0.9199562908116796
99331.92151474953,0.0001,0.6964907439236945,0.658972467406228,0.6590040611402184
100101.2835521698,5e-05,0.40647442746979157,0.450204422535954,0.45022674918619227
100863.6299712658,5e-05,0.4025357872221214,0.5950130655851444,0.5950484133322889
101622.49051713943,5e-05,0.39449083187171224,0.5425417691284408,0.5425447739560264
102390.59802651405,5e-05,0.38919773474210123,0.4856406330016709,0.4856381049983125
103162.73371982574,5e-05,0.38955332223146,0.7097600630877512,0.7098039884795756
103932.87339043617,5e-05,0.3912026910116431,0.44634529872351814,0.4463539990800971
104697.57073426247,5e-05,0.3926732077620137,0.9199582040304587,0.9200883356495302
105474.46970033646,5e-05,0.39229873657952924,0.4346186758706556,0.43465644918120055
106247.73410463333,5e-05,0.3810276540733974,0.5815383687283517,0.5817211955019779
107006.84172177315,5e-05,0.38372974816432764,0.36806930780700114,0.36812969165625226
107997.08455753326,5e-05,0.38528374903330137,0.43802208588161246,0.4380930657983322
108755.6820704937,5e-05,0.3822641254308413,0.4169862872175701,0.41709935534872206
109515.12507462502,5e-05,0.38525579336075805,0.4259603736986146,0.42602044248138704
110268.9430551529,5e-05,0.37840215621237794,0.5831327752706605,0.5831217750639974
111024.8281276226,5e-05,0.3757895535687418,0.5123636859907142,0.5124202079597673
111784.6166908741,5e-05,0.37387824543442355,0.5923012090853846,0.5923778890887496
112550.06158161163,5e-05,0.37515782519601315,0.6874630221682931,0.6875585342707949
113307.23204946518,5e-05,0.3696241380487335,0.40530897564223656,0.40536204726553554
114077.41568398476,5e-05,0.3756098859341205,0.5918760256118426,0.5919715587043176
114837.06739807129,5e-05,0.3833126110322624,0.3954254853852472,0.39546869753943836
115591.27581191063,5e-05,0.3788393376867039,0.4671298956650919,0.4671276902502776
116351.84839963913,5e-05,0.36734249560072746,1.1498440890268626,1.149769769475519
117113.62083554268,5e-05,0.37913385029950447,0.36945730977261515,0.36954110940136825
117876.2977938652,5e-05,0.37568125518313106,0.3479894889282335,0.3480584289024231
118640.07622003555,5e-05,0.3648193742340417,0.3687603283940939,0.36884191578965747
119399.8563234806,5e-05,0.3648208535150974,1.0671979001086653,1.067118546446701
120153.5038485527,5e-05,0.3660684993839539,0.503438427339166,0.5034397383942678
120910.76948308945,5e-05,0.3595175019238345,0.4464795368612622,0.4464678639603776
121682.402831316,5e-05,0.3711151087158369,0.36081493828943806,0.3608778750745544
122447.51613140106,5e-05,0.36488201647266905,0.707928413747064,0.707982744852917
123212.50555968285,5e-05,0.37402735039632623,0.4960222591850656,0.49610664713708574
123975.11637425423,5e-05,0.3652889516559701,1.0497089121021015,1.049691234319366
124738.50191020966,5e-05,0.3702846422540125,0.3838857422879947,0.3839401991113909
125499.78452181816,5e-05,0.3610814370133694,0.8461324732244844,0.84618815746884
126259.98804879189,5e-05,0.3627302759994698,0.9917270277238198,0.9916244173298456
127014.86501097679,5e-05,0.35790417859496765,0.345611838906666,0.34567494681776384
127774.24607777596,5e-05,0.36943236342346675,0.5698569846073416,0.5699759325004896
128526.5529949665,5e-05,0.3696360448361598,0.531808851265077,0.5319281551520921
129288.63056182861,5e-05,0.3613506125670799,1.0518049320093594,1.0516896996039575
130053.3625972271,5e-05,0.36074660634355143,0.5292123940501159,0.5292657962342385
130814.32736682892,5e-05,0.35969813748824025,0.5922173394448569,0.5922275716229287
131579.28171920776,5e-05,0.3566462292094736,0.6914090115637223,0.6915433675547883
132341.12410092354,5e-05,0.35610473523815317,0.9071287635076078,0.907112543118413
133106.96010255814,5e-05,0.3591808956685439,0.7058889067263581,0.7058928723720547
133871.47510266304,5e-05,0.3638411609511953,0.33753284170999104,0.3376049845948616
134625.4487068653,5e-05,0.3549984172880996,0.7200222154655579,0.720114731916698
135386.53567385674,5e-05,0.3564910119605336,1.6092783779865825,1.6092720725057197
136142.85755586624,5e-05,0.36021948294933326,0.6118392964158826,0.6118473101573506
136899.30910658836,5e-05,0.3562557699705484,0.5462790717699437,0.5463080584432314
137662.660946846,5e-05,0.35391468191744674,1.162830579672502,1.162824484373143
138419.83543777466,5e-05,0.35568482327888695,0.8749865998405363,0.8749784131139149
139179.77450752258,5e-05,0.35126247244801034,0.4245257177993378,0.42457501348405974
139942.6178662777,5e-05,0.3612728592860236,0.6123549659449503,0.6123454974173725
140698.59131145477,5e-05,0.3482642123093773,0.607326391748499,0.6072799745891322
141462.85420751572,5e-05,0.35145800717099324,0.6529836835921866,0.6530011436402432
142222.5432779789,5e-05,0.35626491037229613,0.37709571185428237,0.37714319031964005
142981.26772236824,5e-05,0.35062023675732434,0.6510114006602702,0.6510327079709485
143737.96984052658,5e-05,0.3466257461689744,0.33137644640122593,0.33142961659529424
144495.8483057022,5e-05,0.348931230951418,0.7747015944570129,0.7747683551125262
145261.4706799984,5e-05,0.3484074643395391,0.4767867663645527,0.47680552994746617
146031.2094666958,5e-05,0.35312636074467935,0.6614490468854557,0.6613949260173972
146797.72815012932,5e-05,0.3505494408771318,0.7183204052351866,0.7183418139287844
147561.29275345802,5e-05,0.3499621961214832,0.36679422411420093,0.36684069925761204
148324.77000379562,5e-05,0.33945517225802274,0.6083757168734042,0.6083077569308174
149089.56928133965,5e-05,0.3442345998344177,0.7008122433966545,0.7008332910837332
149855.1720480919,5e-05,0.3497375866365525,0.7446223948427199,0.7446947446194339
150620.5323240757,5e-05,0.3474620988228754,0.6518284065986825,0.6518340008162482
151384.08229374886,5e-05,0.34843078298224844,0.480040983537886,0.4800417153770648
152148.32508420944,5e-05,0.3444177291936278,0.492559391261373,0.49261120334992714
152907.93978524208,5e-05,0.34347270359646975,0.46815555774516854,0.468157031733466
153670.12668418884,5e-05,0.3510340568895949,0.5555179385840987,0.5555665531857558
154665.764275074,5e-05,0.34654384489149487,0.5439281620922028,0.5439186278303935
155429.41562581062,5e-05,0.3438237562322488,1.267248782277786,1.2671057844260971
156193.1402144432,5e-05,0.34582753197317784,1.0251484299973077,1.025216904156332
156954.2718372345,5e-05,0.3507666107741601,0.3733662209770032,0.37339995423795874
157714.4592001438,5e-05,0.3284403013259246,0.42767692802575236,0.42775006349107375
158476.4700269699,5e-05,0.341684846302231,0.8643117065226237,0.8643916024278289
159236.67514801025,5e-05,0.34117369386220914,0.34118362617971804,0.34124505953131923
159997.2851395607,5e-05,0.34303002774892416,0.5544393092799014,0.5544336686337601
160991.25902342796,5e-05,0.3410907230833999,0.5430584236857923,0.5430635296392439
161748.22833514214,5e-05,0.33838182285040347,0.6905355225603043,0.6905519923749555
162512.33960604668,5e-05,0.3368797580026547,0.4235421898956894,0.42358859146115657
163508.73399162292,5e-05,0.3379022137757182,0.41782367627867173,0.4178885893442608
164266.98200130463,5e-05,0.3421086400310309,1.0588787952294232,1.0588052843168227
165028.4001803398,5e-05,0.34647470015658843,0.6799746296950637,0.6799691382592007
165790.6446969509,5e-05,0.33718281431412067,0.447842021756728,0.4478761734491207
166552.6211183071,5e-05,0.3416748555430011,0.32688529155045937,0.32693648130497854
167318.62254190445,5e-05,0.3379629960988808,0.5430272022173547,0.5430647961853523
168087.18590688705,5e-05,0.3315188412599132,0.4143436714821963,0.4143824743326448
168854.08810472488,5e-05,0.3412339280453555,0.4785639342759777,0.4785591825187782
169626.14271593094,5e-05,0.33904244436331327,0.4110820533566351,0.4111851708203391
170392.23547697067,5e-05,0.3395273003398055,0.6987147920192902,0.6988587738054883
171155.34848833084,5e-05,0.335416183930499,0.36485154022857486,0.36489456099810996
171910.9195780754,5e-05,0.3348451587690789,0.3789077956672597,0.37897261431193446
172675.1760213375,5e-05,0.33989227738945704,1.0423043328170294,1.0422082701104467
173441.9718694687,5e-05,0.3339020683977024,0.49917109648683,0.4991638368023038
174206.308675766,5e-05,0.33226776888940024,0.5246853595472942,0.5248648357853285
174967.21752023697,5e-05,0.34106456081840886,0.7150538928847419,0.7150684851393674
175729.83933019638,5e-05,0.3286394316979427,0.7104273903857022,0.7104449935874271
176492.13844704628,5e-05,0.33766106324315726,0.38782241723601024,0.3879204716444278
177259.50497436523,5e-05,0.333106591862975,0.5033152048429261,0.5032705685787602
178020.41070055962,5e-05,0.3329290131814137,0.7072504162422317,0.7073798731589789
178782.7199151516,5e-05,0.338697291464145,0.8844148608205454,0.8844915858655319
179544.4158525467,5e-05,0.3332545935311989,0.6229572597667231,0.6229432477682391
180302.8485906124,5e-05,0.33482392996244065,0.3595658367885454,0.3596318203664421
181062.92194843292,5e-05,0.3232224589820501,0.35399653618030064,0.35407662714371124
181825.58075380325,5e-05,0.3231983188244501,0.8124946994967007,0.8124522630461741
182591.40438699722,5e-05,0.33305274287203757,0.36648091575614605,0.36652721853740133
183349.13444638252,5e-05,0.32966163865012504,0.37179065265858474,0.3718497188160081
184104.3984773159,5e-05,0.325594356671081,0.6541080105771101,0.6540354715505542
184869.78278708458,5e-05,0.3323825205126453,0.33867478530562284,0.338742531835254
185637.35844135284,5e-05,0.32846133872937433,0.37967681184583535,0.37977084751484164
186400.5060145855,5e-05,0.32508346052089876,0.4369029923683411,0.43702583974404274
187157.47032475471,5e-05,0.33250404611339646,0.6093671505008198,0.6095004822543317
187921.99193286896,5e-05,0.32604621901416214,0.5726509459284338,0.57268135899935
188685.17711424828,5e-05,0.3303979743400869,0.5236396746325057,0.523642662543177
189451.5350818634,5e-05,0.3286046973930722,0.4176520437977285,0.4176860167108905
190211.38216114044,5e-05,0.3262334188863239,1.0335284278679338,1.0334119174883272
190971.4228234291,2.5e-05,0.22053304994414077,0.32117362209030503,0.3212073255359458
191731.75077557564,2.5e-05,0.2133784802262091,0.2746933855461624,0.2747494918246939
192498.5051498413,2.5e-05,0.21488403654323185,0.44844482370161365,0.44842788728419863
193269.74803733826,2.5e-05,0.20877657107412034,0.3748141344041161,0.37483211936648553
194024.73345780373,2.5e-05,0.2105626587990447,0.5986327255897254,0.5986308430261184
194785.34728598595,2.5e-05,0.20941178130190102,0.31124995949215767,0.31130085307351
195550.09135389328,2.5e-05,0.2093689060346247,0.2851444634706192,0.28519959984593063
196308.98443555832,2.5e-05,0.21060239077537168,0.30108478011811746,0.30113094327422274
197066.0940129757,2.5e-05,0.2082514420354331,0.33515902170509615,0.33522598092122946
197831.77295851707,2.5e-05,0.21153896855612211,0.36486337004632485,0.3649305045041242
198595.4682393074,2.5e-05,0.20927417180818284,0.5689892726988766,0.5689260298862029
199358.19683218002,2.5e-05,0.20740944564397837,0.3198679716564216,0.3199008211662101
200120.6443195343,2.5e-05,0.20657642809190427,0.28361909452513395,0.2836603207998163
200884.51950335503,2.5e-05,0.20702092488411333,0.5465305142013789,0.5465826589172547
201655.88334059715,2.5e-05,0.20666770617618957,0.7004091441671588,0.7003224655560712
202417.26252985,2.5e-05,0.2062996437161598,0.3893305086464777,0.3893480125199862
203175.890509367,2.5e-05,0.20822278661476598,0.29648929576723754,0.29654448326994587
203941.391330719,2.5e-05,0.20618033823576565,0.3262298186984254,0.3262655930314465
204709.21845841408,2.5e-05,0.20670072967772007,0.6805788611659193,0.6806076055653557
205474.06815075874,2.5e-05,0.20532952515179262,0.4877965878806793,0.48781817874489436
206235.08815050125,2.5e-05,0.20340440751064442,0.5229973592566626,0.5229921328931312
207229.7272465229,2.5e-05,0.2039120822318482,0.28095082619432127,0.28100900439569554
207990.94404745102,2.5e-05,0.20593782185877357,0.4079030391116586,0.40793388269813075
208755.8887078762,2.5e-05,0.20617920434979276,0.6060686112588606,0.6060793535956047
209516.1774816513,2.5e-05,0.20562621686379787,0.2861100060468226,0.2861633967704294
210278.89892816544,2.5e-05,0.20541820431031205,0.3371831291701489,0.3372426908807523
211038.54186344147,2.5e-05,0.20150632186550785,0.2773818159863982,0.277440008719598
211803.63295698166,2.5e-05,0.2038419276891236,0.43931738356441435,0.43934863851613526
212564.13647055626,2.5e-05,0.20260217270667918,0.2756417896118353,0.2756900435187005
213334.34797120094,2.5e-05,0.20389406817390351,0.46569576559411463,0.4656903975621664
214098.3212866783,2.5e-05,0.20269407329833114,0.46573506219319133,0.4657344006584589
214864.04525089264,2.5e-05,0.20515665695380586,0.27545576996153104,0.27550444962182796
215623.46006417274,2.5e-05,0.20388080496317948,0.43333505679815393,0.4333812923213868
216385.85507392883,2.5e-05,0.19860193117220204,0.29027918886496934,0.2903187018130934
217150.19794011116,1.25e-05,0.15646071217607538,0.2821637914590379,0.2822006573251857
217910.29754686356,1.25e-05,0.15484773772960533,0.25829558935941865,0.2583407389035284
218669.4607310295,1.25e-05,0.1538246762839664,0.2809328179383754,0.2809846393725483
219430.33225655556,1.25e-05,0.15308364509821404,0.25351755013672034,0.25356368247187544
220196.36238265038,1.25e-05,0.15314156425761474,0.2525847042618577,0.2526321202624412
220968.31533575058,1.25e-05,0.152594819725745,0.3219073764122104,0.3219389145926938
221726.4216017723,1.25e-05,0.1529695948982824,0.2528579726384736,0.2529082598247007
222485.49819850922,1.25e-05,0.15221056302669006,0.25092764039073817,0.2509736543205403
223245.94128203392,1.25e-05,0.15224033735769296,0.2597796219508043,0.2598234575583714
224008.56838035583,1.25e-05,0.15200368621006027,0.3639045567525602,0.3639355156344408
224766.7613170147,1.25e-05,0.15170328883328177,0.26812621970538664,0.26816986697887796
225534.76066184044,1.25e-05,0.15149544477762453,0.5102446884896872,0.5102931614315114
226295.46246528625,1.25e-05,0.15129965653458033,0.39091556478149697,0.3909767232117425
227059.08045625687,1.25e-05,0.15100690924062413,0.26557614612251546,0.26563398735771077
227824.29209423065,1.25e-05,0.15092247229327366,0.3687235242964327,0.3687443441887509
228587.74786782265,1.25e-05,0.15026869221757624,0.30734022505837405,0.3073696651649873
229364.04162669182,1.25e-05,0.14991925034109066,0.3321563931332174,0.3321705144696985
230129.57647657394,1.25e-05,0.14957377569751543,0.2979300325483055,0.2979945284685511
230892.57683181763,1.25e-05,0.14959700719743024,0.4872396147680291,0.4872545209105842
231652.21919369698,1.25e-05,0.14944579835929364,0.298043368680649,0.2980661137700636
232417.76139330864,1.25e-05,0.1495837261928517,0.2688291855743282,0.26888182859678894
233177.55960536003,1.25e-05,0.1491707206562557,0.2689616222312123,0.2690221365959608
233943.18723201752,1.25e-05,0.14928671322483553,0.384782933222204,0.38479688394132633
234706.99417114258,1.25e-05,0.14903477776989113,0.3005590008119308,0.3005997969508281
235469.14230942726,1.25e-05,0.148684345990249,0.2706368845874654,0.27070596202074587
236232.06711053848,1.25e-05,0.14919385786279485,0.26616945230898925,0.2662123070165958
237000.95153141022,1.25e-05,0.14803860215101455,0.3346174107935357,0.33465367921736394
237761.5237042904,1.25e-05,0.1482819908410208,0.2507699965100656,0.2508162571399839
238523.91864156723,1.25e-05,0.14804630506873656,0.3053391703797289,0.3053903457369895
239284.84403586388,1.25e-05,0.1483902235613951,0.3343325071049047,0.3343608987857706
240048.36053657532,1.25e-05,0.1479501989258855,0.2617164817633647,0.2617763900773927
240811.8166770935,1.25e-05,0.14766342199458685,0.30084564108751005,0.3008850297581244
241579.61581516266,1.25e-05,0.1473440132435314,0.295177319724526,0.29521474962118044
242347.7039399147,1.25e-05,0.1475591249474203,0.2555922334416225,0.2556399870946411
243115.3794784546,1.25e-05,0.14764007964775563,0.2550522150373967,0.2550920894570258
243876.30859947205,1.25e-05,0.1469449453609106,0.4857523793272163,0.4857792177107789
244644.25536251068,1.25e-05,0.1470976811103281,0.3602572372309873,0.36027213971333233
245413.09247016907,1.25e-05,0.14695407696292437,0.3797765122183129,0.37979515328970026
246178.7039334774,1.25e-05,0.14622198262276223,0.2878668528161356,0.28791264248441667
246946.26552796364,1.25e-05,0.1469821222344849,0.24852192755479896,0.24857322357928366
247713.75624585152,1.25e-05,0.14621430429842275,0.3412620347173905,0.34129263605900967
248479.67047667503,1.25e-05,0.1459547052802126,0.34430012919946784,0.3443351664822706
249246.13417744637,1.25e-05,0.1455686497407184,0.4135617025283252,0.41360143179280623
250011.2845978737,1.25e-05,0.1462608184673833,0.26878451987288493,0.26882532320008296
250775.851760149,1.25e-05,0.14619538443342658,0.3767879992272972,0.3768097995918312
251537.51288747787,1.25e-05,0.14571690203297222,0.3193156166630907,0.31936547930438686
252302.4641032219,1.25e-05,0.14560436824554934,0.2717219353752039,0.2717782446885921
253073.77267193794,1.25e-05,0.14532862306684136,0.2475106510901081,0.24756167648403316
253835.04757928848,1.25e-05,0.14499231086959793,0.4834964840303749,0.4834992546917741
254590.86096167564,1.25e-05,0.14535098926186202,0.4525683701389086,0.45259884283826424
255355.79820227623,1.25e-05,0.1456729433990809,0.5141889163351434,0.5141798772707493
256117.6712884903,1.25e-05,0.14507850540898728,0.27497688854830554,0.2750271232284774
256881.98681282997,1.25e-05,0.14363171856552676,0.29742186530871895,0.2974553166300493
257646.31955432892,1.25e-05,0.14436023364499725,0.25900159371103487,0.25906435587516286
258411.75378799438,1.25e-05,0.14415088655372052,0.2517828740520794,0.2518324509721688
259180.1426768303,1.25e-05,0.14432048878347806,0.29587333730695825,0.29591623553398644
260174.89581394196,1.25e-05,0.14414014539500694,0.3952627658324618,0.39530647618091913
260934.7599978447,1.25e-05,0.14441227174522758,0.24602110073733535,0.24607867951415227
261693.5935511589,1.25e-05,0.14384362751817437,0.26516951016787094,0.2652261663471043
262453.1552257538,1.25e-05,0.14472668793874277,0.29152564201902703,0.291568466983261
263216.6678419113,1.25e-05,0.14371981746353243,0.25744489820802374,0.2574912413467601
263976.5975430012,1.25e-05,0.14354813301743163,0.26488488748918654,0.2649413721290625
264738.9275393486,1.25e-05,0.14374054620096718,0.2531648837542605,0.2532112867160976
265503.6499803066,1.25e-05,0.14341829720931284,0.24830155311229749,0.24835241720912737
266273.0612592697,1.25e-05,0.14237332269401196,0.5382558726183063,0.5382785963754952
267032.82456970215,1.25e-05,0.14428790848857867,0.2477584585115389,0.2478040366220004
267796.6895778179,1.25e-05,0.14275638107237984,0.26823938169663786,0.2682853815442001
268551.0176997185,1.25e-05,0.14279326166638728,0.33003597076981783,0.33007767106695785
269310.7812769413,1.25e-05,0.1422793064910829,0.3119188917351889,0.31194546305992804
270076.2094836235,1.25e-05,0.14219322278377408,0.2571461508112121,0.25719055233206517
270837.6809232235,1.25e-05,0.14281462073739437,0.32964620491782665,0.32968810931547704
271601.5390341282,1.25e-05,0.14185090122251007,0.2725547812837959,0.2725909815687191
272364.1127512455,1.25e-05,0.14139585837809987,0.28693532590612486,0.2869736081542738
273126.5730445385,1.25e-05,0.1422647305945457,0.3162070618413546,0.316233277507793
273891.3825275898,1.25e-05,0.14182349315589246,0.3039285047710728,0.30398205311122084
274650.24843001366,1.25e-05,0.14188172864995716,0.32106600116748174,0.32108580516909924
275409.39889097214,1.25e-05,0.14185170332847893,0.4311244973931397,0.4311619965115677
276168.15587997437,1.25e-05,0.1416318042079353,0.25604887236321805,0.2561005447031218
276922.47268748283,1.25e-05,0.14128889759150864,0.25190324570580647,0.2519487185984313
277683.6604452133,1.25e-05,0.14200571628760322,0.296034465346901,0.29606078525486834
278450.02341771126,1.25e-05,0.14143280569428648,0.35033760701516053,0.3503793098529882
279215.4043915272,1.25e-05,0.14213292092750793,0.24659308189521795,0.2466435695609473
279977.09847688675,1.25e-05,0.14060449355279903,0.2547054126177991,0.2547486831858204
280743.37958812714,1.25e-05,0.14080662411809372,0.2842907862329207,0.28434814451301976
281506.82667565346,1.25e-05,0.14155574249524738,0.2605042506249198,0.2605515739058121
282278.9547173977,1.25e-05,0.14107773587029807,0.24429604554634157,0.24434565522199905
283036.3707473278,1.25e-05,0.14167977682308233,0.30567746886322406,0.30571669199519863
283794.2065987587,1.25e-05,0.14013762712780695,0.24616139981963814,0.2462023539360873
284550.797590971,1.25e-05,0.1404151939965221,0.36509039012438316,0.3651107595225162
285311.91665005684,1.25e-05,0.14063852629067095,0.2651055550664313,0.2651503981164144
286070.47967362404,1.25e-05,0.1394105110864531,0.2615960660320684,0.26165120816630866
286832.39003944397,1.25e-05,0.14000604255201077,0.2519726052235609,0.25201695819466036
287590.31668400764,1.25e-05,0.14034303698722192,0.24671687909139267,0.2467687043772378
288350.0651128292,1.25e-05,0.14048095289695062,0.32975671287582003,0.3297908093874802
289113.6683177948,1.25e-05,0.14018322818662227,0.24872282526950418,0.24877435420045987
289886.5879049301,1.25e-05,0.13961696104255025,0.24280366202261705,0.242851471871387
290651.09072732925,1.25e-05,0.1397711488011772,0.26101292907912615,0.26105249934828095
291414.14217305183,1.25e-05,0.13992050538600737,0.2952572979029129,0.2952944013493121
292175.53964710236,1.25e-05,0.13956237382850173,0.3128248325905424,0.3128638640975954
292941.3018965721,1.25e-05,0.14001363900562214,0.24813685997608115,0.24819054556742978
293704.13696575165,1.25e-05,0.1399115044284568,0.34513983867649783,0.3451811601864004
294469.7466571331,1.25e-05,0.13987195852242496,0.242718236424364,0.24276802916429496
295233.0475618839,1.25e-05,0.13870625750422555,0.36469037318463654,0.36469623783430277
295994.8094446659,1.25e-05,0.13946793671896188,0.38970955125431656,0.3897251432209185
296759.3262684345,1.25e-05,0.13864913275722052,0.25970671354272296,0.25974974721823996
297520.2690958977,1.25e-05,0.1396766137430058,0.33924964065011376,0.33927518579971633
298287.95593833923,1.25e-05,0.13879130535107978,0.2403289884267329,0.24037999164583332
299059.9098725319,1.25e-05,0.1384902990844613,0.3156683445070816,0.3156881560322969
299824.3064723015,1.25e-05,0.13892482660390004,0.3999303081241036,0.3999853817457051
300585.5805184841,1.25e-05,0.13862942534289122,0.27784926662481757,0.2778923842913373
301346.4401175976,1.25e-05,0.1389124722548912,0.24917787934344743,0.24922241877556706
302109.45324993134,1.25e-05,0.13796905922996705,0.26371482176334515,0.2637612789964406
302878.29678201675,1.25e-05,0.13790886785921605,0.3061775243827254,0.30621477625434956
303645.757894516,1.25e-05,0.13841037515944585,0.5182567939928423,0.5182519811570364
304414.02064180374,1.25e-05,0.13807219548431338,0.4000791761174659,0.4001305868438104
305176.33457279205,1.25e-05,0.1384368966925938,0.3943880933416971,0.3944064085386976
305944.0711939335,1.25e-05,0.13841151900854268,0.2557798668145878,0.255827784420176
306708.52210330963,1.25e-05,0.13720203340793125,0.24876704325526075,0.2488186170777102
307465.9666261673,1.25e-05,0.13696155537212126,0.2476354894012426,0.24768783386501794
308228.95610666275,1.25e-05,0.137616708827339,0.24473152932617115,0.24478375712141337
308992.5353181362,1.25e-05,0.13706398853286042,0.3463055038756993,0.34632824959155506
309751.5284605026,1.25e-05,0.1374470812274311,0.2442515759897528,0.24429963115138945
310505.83287882805,1.25e-05,0.13640233722231304,0.2604605287864869,0.2605020672511804
311267.08699798584,1.25e-05,0.13748490608003672,0.270926428839953,0.2709709142907621
312027.35451340675,1.25e-05,0.13728769762395973,0.25269331310951076,0.2527515482531869
312789.6306371689,1.25e-05,0.13720367531538094,0.33878800259530406,0.33879594933269147
313553.64397859573,1.25e-05,0.1373542595742137,0.25439399475605506,0.25443688390165736
314321.82233929634,1.25e-05,0.13646849774333622,0.354924012042664,0.3549503320320278
315082.73065018654,1.25e-05,0.13727222329171895,0.4679924424061665,0.4679978748787373
315844.79569363594,1.25e-05,0.1366170506917316,0.24399196428071623,0.24404334219652082
316601.873701334,1.25e-05,0.13744959405484608,0.3092403623261739,0.30928885335293343
317368.48773026466,1.25e-05,0.1364934562740398,0.261965217432192,0.26199732603419046
318129.08014059067,1.25e-05,0.13637756740149842,0.32636585706850163,0.3263853795502977
318892.2273135185,1.25e-05,0.13624214503317783,0.329479987922188,0.3295229294924121
319650.6820549965,1.25e-05,0.13638711263193493,0.2920056054804937,0.2920677425887695
320415.01820874214,1.25e-05,0.13622407286856378,0.25383216879115095,0.2538859231275198
321181.1718740463,1.25e-05,0.13620369757973974,0.2937656822397378,0.293806792279958
321950.9237947464,1.25e-05,0.13554267125889283,0.3024385211981758,0.3024629822890908
322712.1578593254,6.25e-06,0.11547996236095621,0.26656155315352514,0.2666057367698122
323476.6281938553,6.25e-06,0.11451490796290244,0.31486913479051976,0.31488451847395427
324242.07013344765,6.25e-06,0.11406791159851369,0.23387584935222816,0.23392536944704864
325008.33407235146,6.25e-06,0.11381064972429614,0.3236109458387289,0.3236401164771039
325772.45667505264,6.25e-06,0.11358254160860592,0.37997760738895214,0.3800104711414675
326534.5067167282,6.25e-06,0.11374439416602793,0.2318605354272025,0.2319066546165897
327294.93446302414,6.25e-06,0.11335560017823743,0.2495783255175409,0.2496174783124769
328058.14953660965,6.25e-06,0.1132685113693376,0.23229725524729383,0.23234720088770683
328825.57121133804,6.25e-06,0.11290749808100839,0.25651131993021614,0.2565620118487924
329582.9591770172,6.25e-06,0.11332460529859223,0.23267969593926885,0.23272824683708693
330356.4205446243,6.25e-06,0.11274602527585603,0.2618462134379979,0.2618802334894477
331117.6582579613,6.25e-06,0.11287898378662667,0.2609671945112526,0.2610045363394462
331882.07899594307,6.25e-06,0.11274436768038895,0.2631566801276057,0.2631988327136736
332647.16706109047,6.25e-06,0.11280891025415107,0.28037099108685976,0.2804061459186833
333403.623598814,6.25e-06,0.11265351240081262,0.28567968563336704,0.2857254419283058
334164.89992523193,6.25e-06,0.11266941209784531,0.2820090247744024,0.2820422781422249
334927.1168458462,6.25e-06,0.11251213582992853,0.3018722878898237,0.30191716563367466
335682.4231221676,6.25e-06,0.11217525222857821,0.2819548695787149,0.2819973914868384
336444.3763551712,6.25e-06,0.11216075542935598,0.23899347514280073,0.2390406230099867
337206.7356016636,6.25e-06,0.11227077494079185,0.2577403363231119,0.2577803382059061
337976.5180952549,6.25e-06,0.11196602697995375,0.2463839411164886,0.24643293612194922
338737.4919564724,6.25e-06,0.11235256059510264,0.24678879983553545,0.2468346431649249
339495.721395731,6.25e-06,0.11201215651090374,0.30779128578152815,0.30782777946519607
340263.7892258167,6.25e-06,0.11192769272966119,0.23361355053028823,0.2336633370542312
341032.166895628,6.25e-06,0.11172271996662272,0.2332242277386518,0.23326690675499231
341793.6044974327,6.25e-06,0.11186609216535993,0.2344294656448962,0.23447514814186865
342556.90738105774,6.25e-06,0.11174954274723195,0.23938575389390315,0.23943299738407198
343323.6402835846,6.25e-06,0.11141945019729578,0.26064702739562257,0.26067980588841116
344079.5558052063,6.25e-06,0.11175770333479208,0.2808602223121542,0.2808909034146965
344843.09853315353,6.25e-06,0.11125856002520576,0.2318313801856447,0.2318814816898554
345607.84602355957,6.25e-06,0.11126976058391384,0.2706265476479902,0.27066464666989565
346377.1500196457,6.25e-06,0.11173621283895627,0.23412864024607824,0.2341760937722652
347136.1916642189,6.25e-06,0.11102103705024742,0.24060553698619344,0.2406474478396783
347901.37835526466,6.25e-06,0.11094609099884492,0.30410756448370074,0.3041385381719697
348664.3003001213,6.25e-06,0.11149469286029137,0.24047973077058388,0.24052018464255773
349428.5648531914,6.25e-06,0.11094625977380708,0.2760789913223664,0.2761147220346911
350190.2289595604,6.25e-06,0.11133587659650773,0.28081644568340935,0.28084840811139045
350953.89307904243,6.25e-06,0.11089806635230762,0.2973165039385582,0.29735185863570773
351712.776774168,6.25e-06,0.11070840549659605,0.23022165296084543,0.23026985288738652
352471.3790001869,6.25e-06,0.11088761441456191,0.23523277601809847,0.23528076930253095
353227.102442503,6.25e-06,0.11072956577260254,0.25730722534339884,0.25735539124959245
354229.54724264145,6.25e-06,0.11074043493648227,0.2622555554494513,0.26229967202602417
354997.8825275898,6.25e-06,0.11061806884497687,0.23115820861765257,0.23120562309258186
355771.56594347954,6.25e-06,0.11053292491880777,0.2908264195919741,0.2908735907487673
356531.01766109467,6.25e-06,0.11048928315278077,0.3000204361960421,0.3000500079255372
357296.32795357704,6.25e-06,0.11039912690891089,0.23150781070040735,0.23155509304633207
358057.84287047386,6.25e-06,0.11003173992348325,0.2349457757839959,0.23499378441699664
358824.90692830086,6.25e-06,0.11065526901646763,0.43140475999816197,0.4313990960091792
359586.99232697487,6.25e-06,0.11020147731518215,0.24337919532304958,0.24342663572334958
360352.1067419052,6.25e-06,0.11032105569299619,0.2456888614141372,0.24573786011437976
361120.7589201927,6.25e-06,0.10998127855831305,0.2508650812346853,0.2509105784405436
361889.5350637436,6.25e-06,0.11019296046732167,0.23120505846895223,0.2312521676366193
362663.4475581646,6.25e-06,0.1098884635598629,0.33000533427903656,0.33002522964709596
363435.19759845734,6.25e-06,0.10988581805634536,0.2630216235672512,0.26306554107914404
364202.9380776882,6.25e-06,0.10994872445732438,0.2307207826720806,0.23076778279714966
364970.87962269783,6.25e-06,0.10998810582165448,0.2368007271021699,0.23684750476519098
365737.3039402962,6.25e-06,0.10978818735998176,0.2853578875963174,0.28540532889389814
366508.0024766922,6.25e-06,0.10984653022907806,0.24561282654572905,0.2456642249739993
367277.74938058853,6.25e-06,0.10948851543027688,0.3296324596536332,0.32965613438137037
368040.780066967,6.25e-06,0.10982268202290923,0.2306053397645998,0.23065216036955843
368807.32783198357,6.25e-06,0.10932043538658315,0.25939851638514344,0.25943834140348093
369572.47315335274,6.25e-06,0.10934487599314212,0.2314795947407096,0.23152480486542718
370338.0524353981,6.25e-06,0.10941151274216364,0.2488656807807183,0.24890962746236617
371105.50280070305,6.25e-06,0.10919612502180359,0.288409377874415,0.2884599213572125
371877.1848871708,6.25e-06,0.10923984386005255,0.24149561340616477,0.241544297388315
372644.2234930992,6.25e-06,0.1093172541336701,0.23558201921859762,0.23562719495767628
373414.01671147346,6.25e-06,0.10921013247309509,0.3345500732584842,0.33458164909793064
374177.493830204,6.25e-06,0.10915206507866482,0.24881727522969296,0.24885872254812277
374943.3087847233,6.25e-06,0.10882177712282882,0.2838624970299081,0.28388846134851176
375708.53654551506,6.25e-06,0.108910899837549,0.2821576925538417,0.2822016171474615
376476.6644246578,6.25e-06,0.10888079220471804,0.3695387547353056,0.36956003072213967
377247.92963147163,3.125e-06,0.10014252115589824,0.23077841641316318,0.2308247070336807
378009.656881094,3.125e-06,0.0995737360654508,0.23243630176523025,0.23248410469290004
378772.9365055561,3.125e-06,0.09933759755060975,0.2858206093428781,0.28585347049178056
379549.8930771351,3.125e-06,0.09925267240807378,0.22681365764707775,0.22686095535421352
380320.3132991791,3.125e-06,0.09917108800587646,0.22896812454445598,0.22901340359874908
381087.6207392216,3.125e-06,0.09898935982144158,0.25333295058731115,0.25337761291758826
381851.528621912,3.125e-06,0.09904022587259828,0.25738711263403286,0.2574303966965459
382620.2802140713,3.125e-06,0.0989343015692705,0.2439441338371747,0.24398828625602464
383385.2034819126,3.125e-06,0.09884586366713084,0.23812695502414355,0.23817231670419536
384157.27611136436,3.125e-06,0.09895444156809871,0.25197377382156616,0.25201696305605836
384932.1898844242,3.125e-06,0.09876018602847234,0.23627091584306964,0.23631574438645617